"0102191-000","92X30X20mm PE Insert USA"
"0200433-000","BMW F85 FSB Cut Foam Left"
"0200434-000","BMW F85 FSB Cut Foam Right"
"0200435-000","BMW F85 FSB Cut Foam Middle"
"0200536-000","G05/06/07 Klima Cutting Foam FSB MFS/RSE"
"0200537-000","G05/06/07 6mm Cut Foam Bolster"
"0200538-000","G05/06/07  6mm Aktiv Cutting Foam FSC MF"
"0200539-000","G05/06/07 6mm Cut Foam"
"0200546-000","G05/06/07 6mm Cut Foam LH/RH RSB 3,SR G0"
"0200612-000","G05 15mm Cut Foam laminated with PP fabr"
"0200661-000","G05 6mm Cut Foam"
"0200662-000","G05 15mm Cut Foam"
"0200663-000","G05 15mm Cut Foam"
"0200664-000","G05 15mm Cut Foam"
"0200665-000","G05 Cut Foam 580x408x15"
"0200666-000","G05 15mm Cut Foam"
"0200667-000","G05 10mm Cut Foam"
"0200668-000","G05 10mm Cut Foam"
"0200669-000","G05 Cut Foam 20mm"
"0200670-000","G05/07 20mm Cut Foam"
"0200671-000","G05/07 10mm Cut Foam"
"0200672-000","G05/07 10mm Cut Foam"
"0200673-000","G05/07 20mm Cut Foam"
"0200674-000","G05/07 10mm Cut Foam"
"0200675-000","G05/07 10mm Cut Foam"
"0200676-000","G05/07 10mm Cut Foam"
"0200677-000","G05/07 10mm Cut Foam"
"0200678-000","G07 Cut Foam Mirror 15mm"
"0200679-000","G07 6mm Cut Foam Side Bead"
"0200680-001","G07 15mm Cut Foam Mirror"
"0200681-000","G07 6mm Cut Foam Side Bead"
"0200684-000","G06 BMW 15mm Cut Foam Side Bead"
"0200685-000","G06 BMW Cut Foam Side Bead"
"0501029-000","G01/02 Foam-Fleece 2nd row RSB Left 40%"
"0501031-000","G01/02 Non-woven Main Section PES, 63.06"
"0501041-000","G01/02 Form Fleece"
"0501048-000","G05/06/07 Non-woven RSB 3. SR LH"
"0501049-000","G05/06/07 Non-woven RSB 3. SR RH"
"0501055-002","BMW G05/07 RSB SA SA4UB 40% LH"
"0501056-002","BMW G05/07 RSB SA SA4UB 40% RH"
"0501059-000","F97/F98 Form Fleece Bead LH FSB"
"0501060-000","F97/F98 Form Fleece Bead RH FSB"
"0501072-001","BMW F95/96 Form Fleece 3D"
"0501074-000","F95/F96 Form Fleece 3D"
"0501075-000","F95/F96 Form Fleece 3D"
"0501078-001","G07 Form Fleece Coin"
"0501079-000","G05 Form Fleece Coin Left"
"0501080-000","G05 Form Fleece Coin Right"
"0501081-000","G05 Form Fleece Coin Left"
"0501082-000","G05 Form Fleece Coin Right"
"0501083-000","G07 Form Fleece 3D"
"0501084-000","G07 Form Fleece 3D"
"0501085-000","G07 Form Fleece 3D"
"0501086-000","G07 Form Fleece 3D"
"0503221-000","G05/06/07 Non-woven Sport/MFS FSC"
"0503222-000","G05/06/07 Non-woven Klima FSC"
"0503223-000","G05/06/07 Non-woven Aktiv FSC"
"0503224-000","G05/06/07 Non-woven 3D Clima Aktiv FSC"
"0900256-000","F25 wire RSB"
"0900780-000","F15wire - vertical inside"
"0900781-000","F15 wire - vertical outside left"
"0900782-000","F15 wire - vertical outside right"
"0900783-000","1800"
"0900784-000","F15 wire - vertical outside left"
"0900785-000","F15 wire - vertical outside right"
"0900786-000","F15 wire - horizontal back"
"0900787-007","F15 wire - vertical inside right"
"0900788-007","F15 wire - vertical inside right"
"0900789-000","F15 wire - vertical outside left"
"0900790-000","F15 wire - vertical outside right"
"0900791-000","F15 wire - vertical inside left"
"0900792-000","F15 wire - vertical inside right"
"0900793-000","F15 wire - vertical outside left"
"0900794-000","F15 wire - vertical outside right"
"0900795-000","F15 wire - countour middle"
"0900796-000","F15 wire - contour left"
"0900797-000","F15 wire - contour right"
"0900801-000","F15 Wire - B/SE SA 2mm Middle L/R"
"0900804-000","F15 Wire - B/SE SA 2mm Front"
"0900806-000","F15 Wire - B/SE SA 2mm 60% Inside"
"0900808-000","F15 Wire - B/SE Basic SA 2mm Middle L/R"
"0900813-000","F15 Wire - B/SE Basic 2mm Middle L/R"
"0900816-000","F15 Wire - B/SE Basic 2mm Inside L/R"
"0900817-000","F15 Wire - B/SE Basic 2mm Front L/R"
"0900821-000","F15 Wire - B/SE Basic 2mm Middle L/R"
"0900919-000","F15 Wire - B/SE Basic U Wire 2mm"
"0900920-000","F15 Wire - B/SE BA Basic U Wire 2m"
"0900922-000","F15 Wire - B/SE SA 60% U Wire 2mm"
"0900924-000","F15 Wire - B/SE Basic SA U Wire 2mm"
"0901058-000","F15 Wire - B/SE Basic 3R 2mm Outside L"
"0901059-000","F15 Wire - B/SE Basic 3R 2mm Outside R"
"0901060-000","F15 Wire - B/SE Basic 3R 2mm Middle Down"
"0901061-000","F15 Wire - B/SE Basic 3R 2mm Inside L/R"
"0901062-000","F15 Wire - B/SE 3R U Wire 2mm"
"0901063-000","F15 Wire - B/SE 3R 2mm Inside L/R"
"0901080-000","u-wire VoLe MFS left"
"0901081-000","u-wire VoLe MFS right"
"0901142-000","F26 - U-Wire RSC Basic 100%"
"0901145-000","F16 Wire - RSC Basic 100%"
"0901146-000","F16 Wire - RSC Basic 100%"
"0901147-000","F16 Wire - RSC Basic 100%"
"0901148-000","F16 Wire - RSC Basic 100%"
"0901149-000","F16 Wire - RSC Basic 100%"
"0901150-000","F16 Wire - RSC Basic 100%"
"0901151-000","F16 Wire - RSC Basic 100%"
"0901152-000","F16 Wire - Rear Seat Back 40%"
"0901153-000","F16 Wire - Rear Seat Back 40%"
"0901155-000","F16 Wire - RSC Basic 100%"
"0901175-000","u-wire VoLe MFS  top"
"0901766-000","F95/F96 U Wire"
"0901767-000","F95/F96 U Wire"
"0901768-000","F95/F96 U Wire"
"0901769-000","F95/F96 U Wire"
"0901770-000","F95/F96 Wire"
"0901771-000","F95/F96 Wire"
"0902028-000","G01/G02 Trimming Wire Longitudinal LH/RH"
"0902038-000","G01/G02 U Wire Top"
"0902043-000","G01/G02 U Wire Bottom"
"0902059-001","G05/06/07 U Wire FSB MFS/Climate FAI 05"
"0902061-000","G05 U Wire"
"0902063-000","G01/G02 Trimming Wire Longitudinal"
"0902064-000","G01/G02 Trimming Wire Transverse LH/RH"
"0902065-000","G01/G02 Trimming Wire Transverse Center"
"0902066-000","G01/G02 Trimming Wire Transverse Center"
"0902068-000","G01/G02 U Wire Top Basis"
"0902069-000","G01/G02 U Wire Bottom Basis"
"0902070-000","G01 Trimming Wire Longitudinal Center LH"
"0902071-000","G01/G02 Trimming Wire Longitudinal RH"
"0902072-001","G01/G02 U Wire Sport Bottom"
"0902074-000","G01/G02 U Wire Klima Top"
"0902075-001","G01/G02 U Wire Klima Bottom"
"0902076-001","G01/G02 Wire LH/RH"
"0902078-000","G01/G02 U Wire"
"0902080-000","G01/G02 U Wire"
"0902122-000","G05/06/07 Wire Top FSB MFS FAI 03"
"0902123-000","G05/06/07 Wire LH FSB Climate FAI 03"
"0902124-000","G05/06/07 Wire RH FSB MFS/Climate FAI 03"
"0902128-000","G05 Wire"
"0902129-000","G05 Wire"
"0902130-000","G05 U Wire Lower Left"
"0902131-000","G05 U Wire"
"0902132-000","G05/G07 Wire"
"0902133-000","G05/G07 Wire"
"0902135-002","G05/G07 Wire"
"0902138-000","G05 U Wire"
"0902139-000","G05 Wire LH"
"0902140-000","G05 Wire LH"
"0902141-000","G05 Wire RH"
"0902142-000","G05 U Wire LH"
"0902143-000","G05 U Wire RH"
"0902148-000","G05/06/07 Wire FSC MFS Climate Active FA"
"0902169-000","G05 Wire RH"
"0902170-000","G05 U Wire"
"0902171-000","G07 U Wire"
"0902172-000","G07 U Wire LH"
"0902173-000","G07 Wire"
"0902174-000","G01/G02 L Wire LH"
"0902175-000","G01/G02 L Wire RH"
"0902179-000","G01/G02 Trimming Wire Long LH"
"0902180-000","G01/G02 Trimming Wire Long RH"
"0902181-000","G01/G02 Trimming Wire Long LH"
"0902182-000","G01/G02 Trimming Wire Long RH"
"0902183-000","G07 U Wire RH"
"0902184-001","G01/G02 U Wire LH"
"0902185-001","G01/G02 U Wire RH"
"0902186-000","G07 U Wire"
"0902197-000","G05/06/07 U Wire Sport FAI 01"
"0902198-000","G05/06/07 L Wire Sport FAI 01"
"0902239-000","G06 U Wire Insert"
"0902240-000","G06 U Wire Insert"
"0902241-000","G06 Insert Wire"
"0902242-000","G06 Insert Wire"
"0902244-000","G06 Insert Wire"
"0902284-000","G02 U Wire"
"0902285-000","G01 U Wire"
"0902288-000","G05/06/07 U Wire FSC MFS Climate Active"
"0902290-001","G05/06/07 U Wire FSB"
"0902293-000","G07 U Wire Front"
"0902294-000","G07 U Wire Rear"
"0902295-000","G02 Trimming Wire Longitudinal"
"0902377-000","F95/F96 Wire"
"0902425-000","G05/G07 U Wire"
"0902444-003","F97/F98 Insert Wire LH FSB Sport Climate"
"0902445-003","F97/F98 Insert Wire RH FSB Sport Climate"
"0902446-003","F97/F98 Insert Wire LH FSB Sport Climate"
"0902447-003","F97/F98 Insert Wire RH FSB Sport Climate"
"0902448-003","F97/F98 Insert Wire LH FSB Sport Climate"
"0902449-003","F97/F98 Insert Wire RH FSB Sport Climate"
"0902450-003","F97/F98 Insert Wire LH"
"0902451-003","F97/F98 Insert Wire RH"
"0902452-003","F97/F98 Insert Wire FSC Sport Climate"
"0902453-003","F97/F98 Insert Wire FSC Sport Climate"
"0902534-003","F97/F98 Insert Wire Top Center FSB Sport"
"0902551-002","G05 Wire RSC"
"0902552-000","G05 U Wire Lower Left LH RSB"
"0902553-000","G05 U Wire Lower Left RH RSB"
"0902554-000","G05 U Wire Upper Left LH RSB"
"0902555-000","G05 U Wire Upper Left RH RSB"
"0902556-000","G05/G07 Upper U Wire RSB"
"0902557-000","G05/G07 Wire Middle LH RSB"
"0902558-000","G05/G07 Wire Middle RH RSB"
"0902559-000","G07 U Wire FSC"
"0902560-000","G07 Wire Upper Front FSC"
"0902561-000","G07 Wire Long Mirror FSC"
"0902562-000","G07 U Wire FSB"
"0902563-000","G07 Wire FSB"
"0902564-000","G07 Wire FSB"
"0902565-000","G05/G07 U Wire RSC 60%"
"0902566-000","G05/G07 Wire RSC 60%"
"0902567-000","G05/G07 Wire RSB"
"0902582-000","G06 Wire Middle"
"091644A","E53 Wire"
"091653B","E53 Wire"
"091671B","E53 Wire"
"091672B","E53 Wire"
"091691","E85 Wire"
"091692","E85 Wire"
"091693","E85 Wire"
"091694","E85 Wire"
"091753","E85 Wire"
"091754","E85 Wire"
"091755","E85 Wire"
"091756","E85 Wire"
"091757","E85 Wire"
"091758","E85 Wire"
"091759","E85 Wire"
"091760","E85 Wire"
"091788","F25 wire"
"091821","F25 wire"
"091822","F25 wire"
"091823","F25 wire"
"091825","E90/E84/F25  horizontal wire FSC base"
"091828","F25 wire"
"091829","F25 wire"
"091830","F25 wire"
"091861","E90/E84/F25 U-wire FSC base"
"091862","E90/E84/F25 U-wire FSC sport"
"091872","E70 Wire Rear Basic Cushion"
"091873","E70 Wire RSC Basic"
"091874","E70 Wire RSC Basic"
"091875","E70 Wire RSC Basic"
"091889","E70/E71 Wire FSC Basic"
"091890","E70/E71 Wire FSC Basic"
"091891","E70 Wire"
"091892","E70 Wire"
"091893","E70/E71 Wire FSC Sport"
"091894","E70/E71 Wire FSC Sport"
"091895","E70 Wire"
"091896","E70 Wire FSC"
"091897","E70/E71 Wire FSB Basic"
"091898","E70/E71 Wire FSB Basic"
"091899","E70/E71 Wire FSC"
"092014","E70 Wire FSC MF Comfort"
"092015","E70 Wire FSC MF Climate"
"092082","E71 Wire FSC Basic"
"092083","E71 Wire FSC Basic"
"092086","E71 Wire FSC MFS Climate"
"092087","E71 Wire RSC"
"092088","E71 Wire RSC"
"092089","E71 Wire RSC"
"092090","E71 Wire RSC"
"1000118-000","F25 FSC sport frame"
"1000221-000","F15 contour wire (wire only)"
"1000222-000","F16 Frame RSC Basic 100%"
"1000233-000","BMW F85 Konturbügel 5mm für STV"
"1000283-000","F85 Frame FSC Basic 100%"
"1000299-002","G01/G02 Frame Backseat"
"1000300-001","G01/G02 Contour Wire"
"1000302-002","BMW G05 Drahtrahmen 100% HiSi Basis"
"1000303-001","G06 Wire Frame RSC 100%"
"1000311-000","G05/06/07  Wire FSC MFS Climate Active C"
"1000341-001","G05/G07 Wire"
"1000342-001","G05/G07 Wire Frame"
"1000347-001","G05/G07 Wire"
"1000366-000","G07 Wire"
"1000378-001","F97/F98 Insert Wire FSC Climate Sport"
"1000395-000","G05/G07 Wire Frame"
"1000403-000","G05 wireframe"
"100052","E70 Frame RSC Basic"
"100059","Frame"
"100085","E71 Wire Rear Seat Frame"
"100587","E85 Frame"
"100590A","E53 Frame"
"101507","E85 Frame"
"1300635-003","G05 Fixing Plate Left SAB"
"1300636-003","G05 Fixing Plate Right SAB"
"1300925-002","G06 Fixing Plate LH SAB"
"1300926-002","G06 Fixing Plate RH SAB"
"130480","Hog Ring 15DC (collated)"
"1501480-000","Hard Foam Insert"
"1501485-101","Chip Foa"
"1505012-000","G01/G02 Insert Part SVB - RG180 RSC 100%"
"1505044-000","G05 Insert Part RG180 100% crumb foam"
"1601525-000","Flat Nylon Washer - .25"
"1601723-010","G01 Carrier Side Part for SB"
"1601724-010","G01 Carrier Side Part for SB"
"1601725-009","G05 Carrier Side Part for SB Left"
"1601726-009","G05 Carrier Side Part for SB Right"
"1601747-006","G02 Carrier Side Part for SB"
"1601748-006","G02 Carrier Side Part for SB"
"1601771-004","G01 Clip Side Part"
"1601772-006","G01 Clip Side Part Fan Grid"
"1601799-005","G05 Carrier Side Part for SB Left"
"1601800-005","G05 Carrier Side Part for SB Right"
"1601853-008","G06 Carrier Side Part for SB LH SAB"
"1601854-008","G06 Carrier Side Part for SB RH SAB"
"1601855-007","G06 Carrier Side Part for SB LH FIP"
"1601856-007","G06 Carrier Side Part for SB RH FIP"
"1601900-001","BMW G23 SeiPo Clip"
"161447","E7x, F1x 2R Vent Ring"
"161831","F25/E84 recliner cover lh FSB base"
"161832","F25/E84 recliner cover rh FSB base"
"161833","F25 FSB Basic plastic rail"
"161834","F25 FSB Basic plastic rail"
"161852","E70/E71 Rubber Profile Sleeve"
"161855","E70/E71 Active Pad FSC"
"161875","F15 - plastic bladder clips"
"1618939-000","G02 Active Plate FSC"
"1630191-003","BMW G01/G02/G06 Clip Side Part"
"2000015-000","F15 EPP Insert 40% right"
"201041","E53 Left plastic"
"201042","E53 Contour Frame"
"201112","E53 Right plastic"
"210004X-100","E70 RS Basic horseshoe Fleece"
"210005X-100","E70 RS Basic Felt- small"
"2100244-000","E70/E71 Felt for MFS FSC"
"2100492-100","F15 fleece - banana"
"2100495","E71 4+1 RSC fleece  I005977"
"2100522-001","F25 FSC sport 3in1 fleece"
"2100544-001","F25 FSC Basic 3-1 Fleece"
"2100578-100","F15 fleece - FSB MFS Climate"
"2100579-100","F15 fleece - FSB MFS Climate"
"2100583-100","F15 fleece - 2D FSC Basic"
"2100584-100","F15 fleece - 2D FSC Sport/MFS"
"2100585-100","F15 fleece - 2D FSC MFS Climate"
"2100586-100","F15 fleece - 2D RSC 3rd Row Comfort"
"2100590-100","F15 fleece - RSC LH 60%"
"2100591-100","F15 fleece - RSC RH 40%"
"2100632-100","F15 fleece - FSB Basic/Sport"
"2100633-100","F15 fleece - FSB MFS"
"2100669-100","F15 fleece - RSB RH 40% long"
"2100670-100","F15 fleece - RSB RH 40% short"
"2100692-001","BMW Non-Woven F85/86 Front Seat Cushion"
"2100790-000","F15 Fleece 181mm x166mm x70 qsm"
"2100791-000","F15 - 181mm x 161mm x 70 sqm Fleec"
"2100952-100","F85 fleece - FSC"
"2100953-100","F85 fleece - FSC"
"2101056-003","G01/G02 Non-woven Main Section PP-Fleece"
"2101058-002","G01/G02 Non-woven Main Section PP-Fleece"
"2101059-001","G01/G02 Non-woven Main Section PP-Fleece"
"2101060-003","G01/G02 Non-woven Main Section PP-Fleece"
"2101061-002","G01/G02 Non-woven Main Section PP-Fleece"
"2101106-000","G05/06/07 Non-woven Front Backrest MFS P"
"2101107-000","G05/06/07 Non-woven FSB MFS Klima"
"2101108-000","G05/06/07 Non-woven FSB MFS HSEfor HH Fo"
"2101113-001","G05/06/07 Non-woven RSC SA 40% LH"
"2101114-001","G05/06/07 Non-woven RSC SA 60% LH"
"2101252-001","G05/06/07 Non-woven FSB Sport"
"2101387-001","G06 HiSi 100% Vlies PES 300g Mat 63021"
"2101388-000","G05/06/07 Non-Woven RSC 3. SR LH/RH"
"2101389-000","G05/06/07 Non-Woven RSB 3. SR LH"
"2101390-000","G05/06/07 Non-Woven RSB 3. SR LH"
"2101463-002","F97/F98 Form Fleece PP FSB"
"2101464-002","F97/F98 Form Fleece PP FSB"
"2101465-002","F97/F98 Form Fleece PP FSC"
"2101466-002","F97/F98 Form Fleece PP FSC"
"2101475-001","F95_96_VoLe Vlies Spiegel"
"2101604-000","G07 Non-Woven Fleece Mirror"
"210240X-100","E53 Fleece"
"210364X-100","E85 Fleece"
"210365X-100","E85 Fleece"
"210366X-100","E85 Fleece"
"210470","E85 Fleece"
"210471X-100","E85 Fleece"
"210472","E85 Fleece"
"210473","E85 Fleece"
"210542","E53 Fleece"
"210567X-100","F25/E84 fleece surface FSB base"
"210568X-100","E90/E84/F25 fleece surf. FSB sport"
"210582","E53 Fleece"
"210623X-100","E70/E71 Fleece"
"210624X-100","E70/E71 Fleece"
"210625X-100","E70/E71 Fleece"
"210631X-100","E70/E71 Fleece"
"211018B","E53 Fleece corovin wi"
"2702146-003","G05 Airbag Module Right"
"2702147-003","G05 Airbag Module Left"
"2702651-000","G05 SB Airbag Module Left_new"
"2702652-000","G05 Airbag Module Right_new"
"2702699-000","G06 Airbag Module Left new"
"2702700-000","G06 Airbag Module Right"
"3000172-000","F15 Banana LH"
"3000173-000","F15 Banana RH"
"3000273-000","F15 Foam Backrest 40 LH Assy"
"3000386-000","Base body FSB MFS Clima"
"3000397-000","Head Rest Base Body FSB MFS Clima"
"3000438-000","Airbagdummy Left MFS"
"3000439-000","Airbagdummy Right MFS"
"3000440-000","Foot Left"
"3000441-000","Foot Right"
"3000477-000","F15 RSB Comfort RH 40% Body"
"3000516-000","F16Foam Backrest 40LH Assy"
"3000517-000","F16 Ballk Backrest LH"
"3000518-000","F16 Foam Backrest 40 RH Assy"
"3000519-000","F16 Ballk Backrest RH"
"3000520-000","F15 Ballk Backrest LH"
"3000570-000","F85 ZB Inlay Cushion"
"3000676-000","G05/06/07  MFS RSE"
"3000677-000","G05/06/07 MFS RSE"
"3000679-000","Balken Links (Insert for G05"
"3000680-000","(G05 Insert) Balken rechts"
"3000696-000","G05/G06/G07 MFS Climate Insert"
"3000772-010","BMW G05 SB SAB foam RH"
"3000773-010","BMW G05 SB SAB foam LH"
"3000841-002","F97/98 Semi Molded Frame"
"3000848-007","BMW G06 SB SAB foam LH"
"3000849-007","BMW G06 SB SAB foam RH"
"3000853-000","F 95/96 Semi Insert"
"3000854-000","F 95/96 Semi Insert"
"3000937-000","G07  Insert"
"3000938-000","G07  Insert"
"3100135-001","G05/06 Nut Integral Flange M6 Nut for Ai"
"310254C","G05/G06 Staple ’3/16”LEG staples (5mm)"
"3600005","Magnetic Velcro (Migg 24)"
"3600063-000","F15 Velcro - long"
"3600064-000","F15 Velcro - short"
"3600220-001","G05/06/07 Hook-And-Loop Klettband"
"3600235-001","G05/06/07  Klettband 66X15"
"3600236-001","G05/06/07  Klettband Lang 1"
"3600237-001","G05/06/07 Hook Fastener 15X50 mm"
"3600241-000","G01/G02 Hose-Type Strap"
"3600244-001","G05/06/07 Hook-And-Loop Klettband 180 x"
"364161","Velcro - Straight"
"364162","Velcro - Curved"
"3831097-006","G01 SB Black fabric anthracite Left"
"3831098-006","G01 SB Black fabric anthracite right"
"3831099-005","G01 SB Black vinyl Grain 80 a.c. lef"
"3831100-005","G01 SB Black vinyl Grain 80 a.c. right"
"3831101-005","G01 SB Camberrab vinyl Grain 80 a.c. LH"
"3831102-005","G01 SB Camberrab vinyl Grain 80 a.c. RH"
"3831104-006","G01 SB Black leather Vernasca right"
"3831113-006","Basis Leather Merino Fein Grain Ivory LH"
"3831114-006","Basis Leath Merino Fein Grain Ivory RH"
"3831115-006","Basis Leath Merino Fein Grain Tartufo LH"
"3831116-006","Basis Leath Merino Fein Grain Tartufo RH"
"3831117-006","F97 Leath Merino Fein Grain Black LH"
"3831118-006","F97 Leath Merino Fein Grain Black RH"
"3831121-001","G02 SB Black Fabric Anthrazit LH"
"3831122-001","G02 SB Black Fabric Anthrazit RH"
"3831123-003","G02 SB Black Vinyl Grain 80 LH"
"3831124-003","G02 SB Black Vinyl Grain 80 RH"
"3831125-003","G02 SB Canberrabeige Vinyl Grain 80 LH"
"3831126-003","G02 SB Canberrabeige Vinyl Grain 80 RH"
"3831137-005","G02 SB Merino Elfenbein LH"
"3831138-005","G02 SB Merino Elfenbein RH"
"3831139-005","G02 SB Merino Tartufo LH"
"3831140-005","G02 SB Merino Tartufo RH"
"3831141-005","G02 SB Merino Fionarot Bicolor LH"
"3831142-005","G02 SB Merino Fionarot Bicolor RH"
"3831147-007","G05 SB FIP Vernasca White Ivory LH"
"3831148-007","G05 SB FIP Vernasca White Ivory RH"
"3831150-007","G05 SB FIP Vernasca Canberra Beige RH"
"3831151-007","G05 SB FIP Vernasca Coffee LH"
"3831152-007","G05 SB FIP Vernasca Coffee RH"
"3831153-007","G05 SB FIP Vernasca Cognac LH"
"3831154-007","G05 SB FIP cover Vernasca cognac rh"
"3831155-007","G05 SB FIP Vernasca Black LH"
"3831156-007","G05 SB FIP Vernasca Black RH"
"3831157-007","G05 SB FIP Merino Black LH"
"3831158-007","G05 SB FIP Merino Black RH"
"3831161-007","G05 SB FIP Merino Coffee LH"
"3831162-007","G05 SB FIP Merino Coffee RH"
"3831165-007","G05 SB FIP Merino Tartufo LH"
"3831166-007","G05 SB FIP Merino Tartufo RH"
"3831167-007","G05 SB FIP Merino Ivory White LH"
"3831168-007","G05 SB FIP Merino Ivory White RH"
"3831171-007","G05 SB FIP Merino Night Blue LH"
"3831172-007","G05 SB FIP Merino Night Blue RH"
"3831221-009","G05 SB SAB Vinyl grain 80 black le"
"3831222-009","G05 SB SAB Vinyl Grain 80 black ri"
"3831223-008","G05 SB SAB Vernasca white ivory le"
"3831224-008","G05 SB SAB trim Vernasca white ivory ri"
"3831225-008","G05 SB SAB trim Vernasca black le"
"3831226-008","G05 SB SAB trim Vernasca black ri"
"3831227-008","G05 SB SAB trim Vernasca canbeige le"
"3831228-008","G05 SB SAB trim Vernasca canbeige ri"
"3831229-010","G05 SB SAB trim Merino black LH"
"3831230-010","G05 SB SAB trim Merino black RH"
"3831245-008","G05 SB SAB trim Vernasca coffee LH"
"3831246-008","G05 SB SAB trim Vernasca coffee ri"
"3831247-008","G05 SB SAB trim Vernasca cognac le"
"3831248-008","G05 SB SAB trim Vernasca cognac ri"
"3831249-010","G05 SB SAB trim Merino ivory white le"
"3831250-010","G05 SB SAB trim Merino white ivory ri"
"3831251-010","G05 SB SAB trim Merino coffee le"
"3831252-010","G05 SB SAB trim Merino coffee ri"
"3831253-009","G05 SB Merino Tartufo SAB LH"
"3831254-009","G05 SB Merino Tartufo SAB RH"
"3831255-009","G05 SB SAB Vinyl 80 canberra beige le"
"3831256-009","G05 SB SAB Vinyl 80 canberra beige ri"
"3831261-006","F97 Merino Orange SB LH FIP"
"3831262-006","F97 Merino Orange SB RH FIP"
"3831263-006","F97 Merino Grey SB LH FIP"
"3831264-006","F97 Merino Grey SB RH FIP"
"3831265-005","G06 SB SAB Vernasca Mokka LH"
"3831266-005","G06 SB SAB Vernasca Mokka RH"
"3831267-005","G06 SB SAB Vernasca Black LH"
"3831268-005","G06 SB SAB Vernasca Black RH"
"3831275-005","G06 SB SAB Merino Black LH"
"3831276-005","G06 SB SAB Merino Black RH"
"3831277-005","G06 SB SAB Merino Nachtblau LH"
"3831278-005","G06 SB SAB Merino Nachtblau RH"
"3831285-005","F98 Merino Grey SB LH FIP"
"3831286-005","F98 Merino Grey SB RH FIP"
"3831287-005","F98 Merino Orange SB LH FIP"
"3831288-005","F98 Merino Orange SB RH FIP"
"3831289-005","Vinyl Ray Black LH"
"3831290-005","Vinyl Ray Black RH"
"3831291-005","Vinyl Ray Canberrabeige LH"
"3831292-005","G01 Vinyl Ray canberrabeige RH"
"3831293-005","G01 Vinyl Ray Oyster 71 LH"
"3831294-005","G01 Vinyl Ray Oyster 71 RH"
"3831295-005","G01 Vinyl Ray Cognac LH"
"3831296-005","G01 Vinyl Ray Cognac RH"
"3831297-005","G01 Vinyl Ray Mokka LH"
"3831298-005","G01 Vinyl Ray Mokka RH"
"3831301-010","F95 SB SAB trim Merino Silverstone LH"
"3831302-010","F95 SB SAB trim Merino Silverstone RH"
"3831303-010","F95 SB SAB trim Merino Sakhier Orange LH"
"3831304-010","F95 SB SAB trim Merino Sakhier Orange RH"
"3831305-010","F95 SB SAB trim Merino Adelaide Grey LH"
"3831306-010","F95 SB SAB trim Merino Adelaide Grey RH"
"3831307-010","F95 SB SAB trim Merino Taruma Brown LH"
"3831308-010","F95 SB SAB trim Merino Taruma Brown RH"
"3831309-007","F95 FIP Left Silverstone Merino"
"3831310-007","F95 FIP Right Silverstone Merino"
"3831311-007","F95 FIP Left Sakhier Orange Merino"
"3831312-007","F95 FIP Right Sakhier Orange Merino"
"3831313-007","F95 FIP Left Adelaide Grau Merino"
"3831314-007","F95 FIP Right Adelaide Grau Merino"
"3831315-007","F95 FIP Left Taruma Braun Merino"
"3831316-007","F95 FIP Right Taruma Braun Merino"
"3831319-003","G06 SB Vernasca LH Black FIP"
"3831320-003","G06 SB Vernasca RH Black FIP"
"3831329-003","G06 SB Merino LH Black FIP"
"3831330-003","G06 SB Merino RH Black FIP"
"3831339-003","G02 LH Vinyl Ray FIP Black"
"3831340-003","G02 RH Vinyl Ray FIP Black"
"3831341-003","G02 LH Vinyl Ray FIP Oyster"
"3831342-003","G02 RH Vinyl Ray FIP Oyster"
"3831343-003","G02 LH Vinyl Ray FIP Mokka"
"3831344-003","G02 RH Vinyl Ray FIP Mokka"
"3831345-003","G02 LH Vinyl Ray FIP Canberra Beige"
"3831346-003","G02 RH Vinyl Ray FIP Canberra Beige"
"3831347-003","G02 LH Vinyl Ray FIP Cognac"
"3831348-003","G02 RH Vinyl Ray FIP Cognac"
"3831349-003","G02 LH Vinyl Ray FIP Tacorarot"
"3831350-003","G02 RH Vinyl Ray FIP Tacorarot"
"3831351-010","G05 SB Merino Night Blue SAB LH"
"3831352-010","G05 SB Merino Night Blue SAB RH"
"3831379-004","G05 SB FIP Vinyl grain 80 can beige LH"
"3831380-004","G05 SB FIP Vinyl grain 80 can beige RH"
"3831381-004","G05 SB FIP Vinyl grain 80 black LH"
"3831382-004","G05 SB FIP Vinyl grain 80 black RH"
"3831401-004","G05 SB FIP Vinyl Ray ivory white lh"
"3831402-004","G05 SB FIP Vinyl Ray ivory white rh"
"3831403-004","G05 SB FIP Vinyl Ray can beige lh"
"3831404-004","G05 SB FIP Vinyl Ray can beige rh"
"3831405-004","G05 SB FIP Vinyl Ray coffee lh"
"3831406-004","G05 SB FIP Vinyl Ray coffee rh"
"3831407-004","G05 SB FIP Vinyl Ray cognac lh"
"3831408-004","G05 SB FIP Vinyl Ray cognac rh"
"3831409-004","G05 SB FIP Vinyl Ray black lh"
"3831410-004","G05 SB FIP Vinyl Ray black rh"
"59401","GlueSimalfa3092rotKubit.20KG"
"91604","Rez KA 3500 SC"
"91605","Rez KA 3500+ SC"
"950584","Suprasec 7007"
"953913","EV#LK 8443-8B#SRA#TOTE 700KG"
"95449","#Gorapur LH 526 blue barrel 220 KG"
"95790","Rubiflex H 32068"
"986172","Plastic Bag 15""x35"" anti static"
"986173","Plastic Bag 15""x35"""
"986178","Thermal Label 2.25""x1.25"" yellow"
"986179","Thermal Label 2.25""x1.25"" green"
"986180","Thermal Label 2.25""x1.25"" white"
"986182","Small customer label 3""x2.25"""
